{"cameraMode":{"drawMode":0,"name":"Shaded","section":"Shading Mode"},"sceneLighting":true,"audioPlay":false,"sceneViewState":{"showFog":true,"showMaterialUpdate":false,"showSkybox":true,"showFlares":true,"showImageEffects":true,"showParticleSystems":true},"in2DMode":false,"pivot":{"x":43.31843948364258,"y":2.46627140045166,"z":-602.053955078125},"rotation":{"x":0.041438646614551547,"y":0.9183586835861206,"z":-0.09984918683767319,"w":0.3806970417499542},"size":98.56973266601563,"orthographic":false}